1707125981596783700,8810,1707125955495927655,map,21.78251138632929,-9.502560808010227,0.0,0.0,0.0,0.012874874679447172,0.999917115366063,0.41560016460675797,2.8522915584971997e-05,0.0,0.0,0.0,0.0,2.8522915613393707e-05,0.00564340722043255,0.0,0.0,0.0,0.0,0.0,0.0,0.0,0.0,0.0,0.0,0.0,0.0,0.0,0.0,0.0,0.0,0.0,0.0,0.0,0.0,0.0,0.0,0.0,0.0,0.0,0.0,0.0,0.0020728712135073815
1707125985304877136,8811,1707125985292329468,map,22.046754691512007,-9.49304368038694,0.0,0.0,0.0,-0.0021544888087403715,0.9999976790862932,0.38312455343952934,0.001122742171560276,0.0,0.0,0.0,0.0,0.001122742171560276,0.00487134652442478,0.0,0.0,0.0,0.0,0.0,0.0,0.0,0.0,0.0,0.0,0.0,0.0,0.0,0.0,0.0,0.0,0.0,0.0,0.0,0.0,0.0,0.0,0.0,0.0,0.0,0.0,0.0,0.0015936774738227967
1707125986505435965,8812,1707125986457821687,map,22.272590552518164,-9.497490429322735,0.0,0.0,0.0,-0.00021993622722830044,0.9999999758140277,0.4144829110812793,0.0017154191041584,0.0,0.0,0.0,0.0,0.0017154191041584,0.004089901072333646,0.0,0.0,0.0,0.0,0.0,0.0,0.0,0.0,0.0,0.0,0.0,0.0,0.0,0.0,0.0,0.0,0.0,0.0,0.0,0.0,0.0,0.0,0.0,0.0,0.0,0.0,0.0,0.0015758759659434166
1707125987346764774,8813,1707125987323793276,map,22.422433149711857,-9.491436204451555,0.0,0.0,0.0,-0.0001654660219357859,0.9999999863104977,0.4135557742209812,0.0018400595830314614,0.0,0.0,0.0,0.0,0.0018400595830314614,0.004161498757582649,0.0,0.0,0.0,0.0,0.0,0.0,0.0,0.0,0.0,0.0,0.0,0.0,0.0,0.0,0.0,0.0,0.0,0.0,0.0,0.0,0.0,0.0,0.0,0.0,0.0,0.0,0.0,0.0014824664939905529
1707125987986943966,8814,1707125987953642053,map,22.48114435367794,-9.49234879439927,0.0,0.0,0.0,-0.0011065424581720245,0.9999993877817067,0.4596155266229971,0.0024460053924997283,0.0,0.0,0.0,0.0,0.0024460053924997283,0.004065493808312226,0.0,0.0,0.0,0.0,0.0,0.0,0.0,0.0,0.0,0.0,0.0,0.0,0.0,0.0,0.0,0.0,0.0,0.0,0.0,0.0,0.0,0.0,0.0,0.0,0.0,0.0,0.0,0.0013428046548150548
1707125988724862786,8815,1707125988709969488,map,22.86124986125954,-9.499885521717639,0.0,0.0,0.0,-0.003917661337518768,0.9999923259353766,0.49293633926538405,-0.0012795088225345808,0.0,0.0,0.0,0.0,-0.0012795088225345808,0.0033265520573309004,0.0,0.0,0.0,0.0,0.0,0.0,0.0,0.0,0.0,0.0,0.0,0.0,0.0,0.0,0.0,0.0,0.0,0.0,0.0,0.0,0.0,0.0,0.0,0.0,0.0,0.0,0.0,0.001223452186657179
1707125989268013537,8816,1707125989230357685,map,23.08757075031967,-9.502108329143082,0.0,0.0,0.0,-0.004357096803645384,0.9999905078086709,0.5050695050405238,-0.0007949890052145747,0.0,0.0,0.0,0.0,-0.0007949890052145747,0.0031956261471179914,0.0,0.0,0.0,0.0,0.0,0.0,0.0,0.0,0.0,0.0,0.0,0.0,0.0,0.0,0.0,0.0,0.0,0.0,0.0,0.0,0.0,0.0,0.0,0.0,0.0,0.0,0.0,0.0011601614624468268
1707125990004925910,8817,1707125989985615201,map,23.272046369982622,-9.505919890959733,0.0,0.0,0.0,-0.011024496974373237,0.9999392283866365,0.5020418537396836,-0.00040315963178727543,0.0,0.0,0.0,0.0,-0.00040315963178727543,0.0033745801478204385,0.0,0.0,0.0,0.0,0.0,0.0,0.0,0.0,0.0,0.0,0.0,0.0,0.0,0.0,0.0,0.0,0.0,0.0,0.0,0.0,0.0,0.0,0.0,0.0,0.0,0.0,0.0,0.001199904415301253
1707125990444487696,8818,1707125990422944861,map,23.523111969716535,-9.51229834034405,0.0,0.0,0.0,-0.01044404618045765,0.9999454594623551,0.5065848659771746,-0.0016877396389816113,0.0,0.0,0.0,0.0,-0.0016877396389247679,0.0032907766101715197,0.0,0.0,0.0,0.0,0.0,0.0,0.0,0.0,0.0,0.0,0.0,0.0,0.0,0.0,0.0,0.0,0.0,0.0,0.0,0.0,0.0,0.0,0.0,0.0,0.0,0.0,0.0,0.0011546680624411416
1707125991206299842,8819,1707125991159210011,map,23.499111613765937,-9.50888266387235,0.0,0.0,0.0,-0.005889283795776378,0.9999826580178143,0.5147534125746915,-0.0010162941175337892,0.0,0.0,0.0,0.0,-0.0010162941175337892,0.0033104020708805137,0.0,0.0,0.0,0.0,0.0,0.0,0.0,0.0,0.0,0.0,0.0,0.0,0.0,0.0,0.0,0.0,0.0,0.0,0.0,0.0,0.0,0.0,0.0,0.0,0.0,0.0,0.0,0.0010960532065874783
1707125992026926956,8820,1707125991997036097,map,23.883409507519755,-9.512080700430744,0.0,0.0,0.0,-0.00562334688131002,0.9999841888599301,0.48858194436854774,-0.0036217759874830335,0.0,0.0,0.0,0.0,-0.003621775987454612,0.0033045176110704233,0.0,0.0,0.0,0.0,0.0,0.0,0.0,0.0,0.0,0.0,0.0,0.0,0.0,0.0,0.0,0.0,0.0,0.0,0.0,0.0,0.0,0.0,0.0,0.0,0.0,0.0,0.0,0.00113374688788568
1707125993026754322,8821,1707125992995302006,map,24.016080112431705,-9.513691608876144,0.0,0.0,0.0,-0.009003793684815783,0.9999594650280986,0.49524408728871094,-0.0042601833133346645,0.0,0.0,0.0,0.0,-0.0042601833133346645,0.0033881964627227035,0.0,0.0,0.0,0.0,0.0,0.0,0.0,0.0,0.0,0.0,0.0,0.0,0.0,0.0,0.0,0.0,0.0,0.0,0.0,0.0,0.0,0.0,0.0,0.0,0.0,0.0,0.0,0.0011772341382486494
1707125993947070731,8822,1707125993919723479,map,24.22082296581626,-9.50981199228489,0.0,0.0,0.0,-0.006331238714421032,0.9999799575073197,0.5071659892054186,-0.004833945506760529,0.0,0.0,0.0,0.0,-0.00483394550678895,0.003214375414486881,0.0,0.0,0.0,0.0,0.0,0.0,0.0,0.0,0.0,0.0,0.0,0.0,0.0,0.0,0.0,0.0,0.0,0.0,0.0,0.0,0.0,0.0,0.0,0.0,0.0,0.0,0.0,0.001087762853008227
1707125995006895904,8823,1707125994968155655,map,24.43189562791351,-9.514571557048793,0.0,0.0,0.0,-0.006032476816605202,0.9999818044461894,0.5265004471226575,-0.005206962141215854,0.0,0.0,0.0,0.0,-0.005206962141215854,0.0030768279392958675,0.0,0.0,0.0,0.0,0.0,0.0,0.0,0.0,0.0,0.0,0.0,0.0,0.0,0.0,0.0,0.0,0.0,0.0,0.0,0.0,0.0,0.0,0.0,0.0,0.0,0.0,0.0,0.0010882444630819666
1707125995848201775,8824,1707125995825059580,map,24.609897576050958,-9.516703010206307,0.0,0.0,0.0,-0.009476122539543184,0.9999551005428271,0.5290548412333465,-0.004857472216997394,0.0,0.0,0.0,0.0,-0.004857472216997394,0.0028874254138173683,0.0,0.0,0.0,0.0,0.0,0.0,0.0,0.0,0.0,0.0,0.0,0.0,0.0,0.0,0.0,0.0,0.0,0.0,0.0,0.0,0.0,0.0,0.0,0.0,0.0,0.0,0.0,0.001088565109550214
1707125996806444382,8825,1707125996779653464,map,24.839846464659068,-9.518916019022784,0.0,0.0,0.0,-0.008221513283399085,0.9999662027885396,0.48324462512266564,-0.00317722188975722,0.0,0.0,0.0,0.0,-0.00317722188975722,0.0030007219200740565,0.0,0.0,0.0,0.0,0.0,0.0,0.0,0.0,0.0,0.0,0.0,0.0,0.0,0.0,0.0,0.0,0.0,0.0,0.0,0.0,0.0,0.0,0.0,0.0,0.0,0.0,0.0,0.0011746087993837132
1707125997546537800,8826,1707125997521411873,map,25.068636330690715,-9.520613499001508,0.0,0.0,0.0,-0.00778889703258062,0.9999696660814347,0.45003750303862944,-0.004555308376126277,0.0,0.0,0.0,0.0,-0.004555308376126277,0.0030318219317706507,0.0,0.0,0.0,0.0,0.0,0.0,0.0,0.0,0.0,0.0,0.0,0.0,0.0,0.0,0.0,0.0,0.0,0.0,0.0,0.0,0.0,0.0,0.0,0.0,0.0,0.0,0.0,0.0010731564562881477
1707125998184896328,8827,1707125998151928618,map,25.279373053360814,-9.5217752051227,0.0,0.0,0.0,-0.007163456399546465,0.9999743421170424,0.43616833858231985,-0.004702185532238445,0.0,0.0,0.0,0.0,-0.004702185532266867,0.002859498690853002,0.0,0.0,0.0,0.0,0.0,0.0,0.0,0.0,0.0,0.0,0.0,0.0,0.0,0.0,0.0,0.0,0.0,0.0,0.0,0.0,0.0,0.0,0.0,0.0,0.0,0.0,0.0,0.0010517503857775082
1707125998825296642,8828,1707125998786481897,map,25.527923709886565,-9.525958216621703,0.0,0.0,0.0,-0.007283080007506472,0.9999734780210945,0.42620987193674864,-0.0036650655768539764,0.0,0.0,0.0,0.0,-0.0036650655768539764,0.0028419872736122898,0.0,0.0,0.0,0.0,0.0,0.0,0.0,0.0,0.0,0.0,0.0,0.0,0.0,0.0,0.0,0.0,0.0,0.0,0.0,0.0,0.0,0.0,0.0,0.0,0.0,0.0,0.0,0.0010545125599463407
1707125999347084405,8829,1707125999317644635,map,25.75127296989254,-9.530126307787704,0.0,0.0,0.0,-0.005791972300669848,0.999983226387757,0.4100860581775123,-0.0028444599768420176,0.0,0.0,0.0,0.0,-0.0028444599768420176,0.002448137468277878,0.0,0.0,0.0,0.0,0.0,0.0,0.0,0.0,0.0,0.0,0.0,0.0,0.0,0.0,0.0,0.0,0.0,0.0,0.0,0.0,0.0,0.0,0.0,0.0,0.0,0.0,0.0,0.0009914753786948634
1707125999886243933,8830,1707125999859125456,map,25.92367908113826,-9.534843334049492,0.0,0.0,0.0,-0.005934449710860213,0.9999823909982761,0.39359834750860045,-0.000754679565176275,0.0,0.0,0.0,0.0,-0.0007546795652046967,0.0022574149039513713,0.0,0.0,0.0,0.0,0.0,0.0,0.0,0.0,0.0,0.0,0.0,0.0,0.0,0.0,0.0,0.0,0.0,0.0,0.0,0.0,0.0,0.0,0.0,0.0,0.0,0.0,0.0,0.0010008759189283395
1707126000725501103,8831,1707126000692845369,map,26.146060979136433,-9.539836890309214,0.0,0.0,0.0,-0.005403485645652285,0.9999854010648742,0.3649171635701123,7.943386313513656e-05,0.0,0.0,0.0,0.0,7.943386313513656e-05,0.00234910775064634,0.0,0.0,0.0,0.0,0.0,0.0,0.0,0.0,0.0,0.0,0.0,0.0,0.0,0.0,0.0,0.0,0.0,0.0,0.0,0.0,0.0,0.0,0.0,0.0,0.0,0.0,0.0,0.0010775309965441392
1707126001366689280,8832,1707126001336900982,map,26.342046299492655,-9.536988404035371,0.0,0.0,0.0,-0.005114287330091415,0.9999869219470349,0.39381948896266294,5.3904116867897756e-05,0.0,0.0,0.0,0.0,5.3904116867897756e-05,0.0023989357207625517,0.0,0.0,0.0,0.0,0.0,0.0,0.0,0.0,0.0,0.0,0.0,0.0,0.0,0.0,0.0,0.0,0.0,0.0,0.0,0.0,0.0,0.0,0.0,0.0,0.0,0.0,0.0,0.0010133834640168714
1707126002226104974,8833,1707126002184737676,map,26.5413780329136,-9.537586446108572,0.0,0.0,0.0,-0.0040836861574755755,0.9999916617189202,0.40178961755304954,0.0012412423120053973,0.0,0.0,0.0,0.0,0.0012412423120053973,0.002466160058261835,0.0,0.0,0.0,0.0,0.0,0.0,0.0,0.0,0.0,0.0,0.0,0.0,0.0,0.0,0.0,0.0,0.0,0.0,0.0,0.0,0.0,0.0,0.0,0.0,0.0,0.0,0.0,0.0009806504062979228
1707126003046519777,8834,1707126003030188391,map,26.702551823738883,-9.53770830725377,0.0,0.0,0.0,0.0019864811797020163,0.9999980269443148,0.3843553269665563,0.0004822278603455743,0.0,0.0,0.0,0.0,0.0004822278602887309,0.0026381902210630415,0.0,0.0,0.0,0.0,0.0,0.0,0.0,0.0,0.0,0.0,0.0,0.0,0.0,0.0,0.0,0.0,0.0,0.0,0.0,0.0,0.0,0.0,0.0,0.0,0.0,0.0,0.0,0.0009721668264694662
1707126003484812723,8835,1707126003458586000,map,26.864424381473814,-9.535358459532972,0.0,0.0,0.0,0.0014136418124763741,0.9999990008079138,0.43609878089216636,0.0023940419843597738,0.0,0.0,0.0,0.0,0.0023940419843597738,0.0025860337275105394,0.0,0.0,0.0,0.0,0.0,0.0,0.0,0.0,0.0,0.0,0.0,0.0,0.0,0.0,0.0,0.0,0.0,0.0,0.0,0.0,0.0,0.0,0.0,0.0,0.0,0.0,0.0,0.0009094041687454625
1707126004203969022,8836,1707126004184925141,map,27.064294062338014,-9.531285044253647,0.0,0.0,0.0,0.0018031933511332434,0.9999983742455477,0.4369810297522463,0.0020388918306366577,0.0,0.0,0.0,0.0,0.0020388918306366577,0.0025157558038984007,0.0,0.0,0.0,0.0,0.0,0.0,0.0,0.0,0.0,0.0,0.0,0.0,0.0,0.0,0.0,0.0,0.0,0.0,0.0,0.0,0.0,0.0,0.0,0.0,0.0,0.0,0.0,0.0009092334392447179
1707126004845940944,8837,1707126004826349650,map,27.284326506063106,-9.530984191797943,0.0,0.0,0.0,0.002432144435108254,0.9999970423323495,0.44183535037097954,0.0019879284348007786,0.0,0.0,0.0,0.0,0.0019879284348007786,0.0023308303955928977,0.0,0.0,0.0,0.0,0.0,0.0,0.0,0.0,0.0,0.0,0.0,0.0,0.0,0.0,0.0,0.0,0.0,0.0,0.0,0.0,0.0,0.0,0.0,0.0,0.0,0.0,0.0,0.0009421754237114118
1707126005485889088,8838,1707126005455616197,map,27.52065532238476,-9.529899607838546,0.0,0.0,0.0,0.004092888012970901,0.9999916240987787,0.39007769972556616,0.003390264436063717,0.0,0.0,0.0,0.0,0.003390264436063717,0.0026650167180122253,0.0,0.0,0.0,0.0,0.0,0.0,0.0,0.0,0.0,0.0,0.0,0.0,0.0,0.0,0.0,0.0,0.0,0.0,0.0,0.0,0.0,0.0,0.0,0.0,0.0,0.0,0.0,0.0010698698392392976
1707126006244395790,8839,1707126006195475953,map,27.765167670919876,-9.533780126292731,0.0,0.0,0.0,0.0005231054425946052,0.9999998631803386,0.3968697877057821,0.0030757085895629643,0.0,0.0,0.0,0.0,0.0030757085895629643,0.0024665756408808193,0.0,0.0,0.0,0.0,0.0,0.0,0.0,0.0,0.0,0.0,0.0,0.0,0.0,0.0,0.0,0.0,0.0,0.0,0.0,0.0,0.0,0.0,0.0,0.0,0.0,0.0,0.0,0.001093945213643128
1707126006845830076,8840,1707126006808008589,map,27.96515251447326,-9.53581898459404,0.0,0.0,0.0,-0.006136337708994677,0.9999811725025233,0.4397302540264718,0.0021813265962578043,0.0,0.0,0.0,0.0,0.002181326596200961,0.0023541335416439324,0.0,0.0,0.0,0.0,0.0,0.0,0.0,0.0,0.0,0.0,0.0,0.0,0.0,0.0,0.0,0.0,0.0,0.0,0.0,0.0,0.0,0.0,0.0,0.0,0.0,0.0,0.0,0.0011176426843727528
1707126007565334009,8841,1707126007553787216,map,28.16258907579565,-9.536225431719682,0.0,0.0,0.0,-0.003491779473171635,0.999993903719473,0.46942545444426287,0.002226731961968653,0.0,0.0,0.0,0.0,0.002226731961968653,0.0025397220447729296,0.0,0.0,0.0,0.0,0.0,0.0,0.0,0.0,0.0,0.0,0.0,0.0,0.0,0.0,0.0,0.0,0.0,0.0,0.0,0.0,0.0,0.0,0.0,0.0,0.0,0.0,0.0,0.0010113284897620737
1707126008723934665,8842,1707126008692149668,map,28.385632571138466,-9.534640627293026,0.0,0.0,0.0,-0.0009138198048430799,0.9999995824665949,0.48839308041783625,0.0004305575502598913,0.0,0.0,0.0,0.0,0.0004305575502598913,0.0025340138181633165,0.0,0.0,0.0,0.0,0.0,0.0,0.0,0.0,0.0,0.0,0.0,0.0,0.0,0.0,0.0,0.0,0.0,0.0,0.0,0.0,0.0,0.0,0.0,0.0,0.0,0.0,0.0,0.000904676777064819
1707126009724342158,8843,1707126009705417157,map,28.676311756891096,-9.539993295458897,0.0,0.0,0.0,-0.0017924777023574075,0.9999983935105529,0.503916442503737,-0.0010253783573261899,0.0,0.0,0.0,0.0,-0.0010253783573261899,0.002403021312076703,0.0,0.0,0.0,0.0,0.0,0.0,0.0,0.0,0.0,0.0,0.0,0.0,0.0,0.0,0.0,0.0,0.0,0.0,0.0,0.0,0.0,0.0,0.0,0.0,0.0,0.0,0.0,0.0009461535251244891
1707126010964846170,8844,1707126010943951872,map,28.862225309403176,-9.539540841648085,0.0,0.0,0.0,0.0034001191748662517,0.9999942195780918,0.5243931487173086,-0.001856522641958236,0.0,0.0,0.0,0.0,-0.001856522641958236,0.0027853184510178153,0.0,0.0,0.0,0.0,0.0,0.0,0.0,0.0,0.0,0.0,0.0,0.0,0.0,0.0,0.0,0.0,0.0,0.0,0.0,0.0,0.0,0.0,0.0,0.0,0.0,0.0,0.0,0.0009095433715156407
1707126011604615598,8845,1707126011566826616,map,29.10587324326633,-9.538465264837544,0.0,0.0,0.0,0.0036031187788450976,0.9999935087464645,0.513487764408751,-0.0020051181218150305,0.0,0.0,0.0,0.0,-0.0020051181218150305,0.0025442556005117467,0.0,0.0,0.0,0.0,0.0,0.0,0.0,0.0,0.0,0.0,0.0,0.0,0.0,0.0,0.0,0.0,0.0,0.0,0.0,0.0,0.0,0.0,0.0,0.0,0.0,0.0,0.0,0.0009244525855742848
1707126012384392147,8846,1707126012371161623,map,29.299800546650495,-9.53779946337537,0.0,0.0,0.0,0.0020299055540735655,0.9999979397395984,0.4915789693835677,9.204157208841934e-06,0.0,0.0,0.0,0.0,9.204157208841934e-06,0.002905387506686452,0.0,0.0,0.0,0.0,0.0,0.0,0.0,0.0,0.0,0.0,0.0,0.0,0.0,0.0,0.0,0.0,0.0,0.0,0.0,0.0,0.0,0.0,0.0,0.0,0.0,0.0,0.0,0.0010597354348314482
1707126012983496707,8847,1707126012953039220,map,29.519810521361883,-9.53554567881264,0.0,0.0,0.0,0.002641898619127938,0.9999965101797537,0.5026297292401978,-0.0017693461716703496,0.0,0.0,0.0,0.0,-0.0017693461716703496,0.0028893686525037765,0.0,0.0,0.0,0.0,0.0,0.0,0.0,0.0,0.0,0.0,0.0,0.0,0.0,0.0,0.0,0.0,0.0,0.0,0.0,0.0,0.0,0.0,0.0,0.0,0.0,0.0,0.0,0.0010212047546156863
1707126013484018333,8848,1707126013461677576,map,29.7265640230688,-9.53459061812077,0.0,0.0,0.0,0.0018958760866929318,0.999998202825317,0.44664632944011373,-0.0009170940844001052,0.0,0.0,0.0,0.0,-0.0009170940844001052,0.0027345288534945666,0.0,0.0,0.0,0.0,0.0,0.0,0.0,0.0,0.0,0.0,0.0,0.0,0.0,0.0,0.0,0.0,0.0,0.0,0.0,0.0,0.0,0.0,0.0,0.0,0.0,0.0,0.0,0.0009231080348517469
1707126014324391903,8849,1707126014305194462,map,29.951271985584466,-9.535817915093586,0.0,0.0,0.0,0.002592853531549303,0.9999966385496323,0.4665343186306927,-0.004864097432573544,0.0,0.0,0.0,0.0,-0.004864097432630388,0.0026795952205702633,0.0,0.0,0.0,0.0,0.0,0.0,0.0,0.0,0.0,0.0,0.0,0.0,0.0,0.0,0.0,0.0,0.0,0.0,0.0,0.0,0.0,0.0,0.0,0.0,0.0,0.0,0.0,0.0008974165842157561
1707126015323326086,8850,1707126015296241763,map,30.19212370610236,-9.53054807161557,0.0,0.0,0.0,0.004523095381013268,0.9999897707517683,0.4245345470196753,-0.00211346656067235,0.0,0.0,0.0,0.0,-0.00211346656067235,0.00240686800542278,0.0,0.0,0.0,0.0,0.0,0.0,0.0,0.0,0.0,0.0,0.0,0.0,0.0,0.0,0.0,0.0,0.0,0.0,0.0,0.0,0.0,0.0,0.0,0.0,0.0,0.0,0.0,0.0008657473169424344
1707126016224334952,8851,1707126016201732431,map,30.441933754927344,-9.529719193776376,0.0,0.0,0.0,-0.0037471284179314557,0.999992979489666,0.39129456604439383,-0.0011186941376877257,0.0,0.0,0.0,0.0,-0.0011186941377445692,0.002367096924317025,0.0,0.0,0.0,0.0,0.0,0.0,0.0,0.0,0.0,0.0,0.0,0.0,0.0,0.0,0.0,0.0,0.0,0.0,0.0,0.0,0.0,0.0,0.0,0.0,0.0,0.0,0.0,0.0009058790215841825
1707126016924077216,8852,1707126016897825977,map,30.653133858379704,-9.528568204178661,0.0,0.0,0.0,0.005802869050810674,0.9999831632136509,0.34197966069302765,0.001612094241295381,0.0,0.0,0.0,0.0,0.001612094241295381,0.002383601573683336,0.0,0.0,0.0,0.0,0.0,0.0,0.0,0.0,0.0,0.0,0.0,0.0,0.0,0.0,0.0,0.0,0.0,0.0,0.0,0.0,0.0,0.0,0.0,0.0,0.0,0.0,0.0,0.0008808757930075377
1707126017544176021,8853,1707126017511381274,map,30.893099989703764,-9.526909235352282,0.0,0.0,0.0,0.004580260961409511,0.9999895105497484,0.30911973944580495,0.0004314697498557507,0.0,0.0,0.0,0.0,0.0004314697498557507,0.002366749630610343,0.0,0.0,0.0,0.0,0.0,0.0,0.0,0.0,0.0,0.0,0.0,0.0,0.0,0.0,0.0,0.0,0.0,0.0,0.0,0.0,0.0,0.0,0.0,0.0,0.0,0.0,0.0,0.0008722616281274012
1707126017964807416,8854,1707126017928293275,map,31.12455192709754,-9.526300705301342,0.0,0.0,0.0,-0.008043357732232526,0.9999676516749886,0.3158751177369368,0.001102581736290631,0.0,0.0,0.0,0.0,0.0011025817363474744,0.0025158048848226144,0.0,0.0,0.0,0.0,0.0,0.0,0.0,0.0,0.0,0.0,0.0,0.0,0.0,0.0,0.0,0.0,0.0,0.0,0.0,0.0,0.0,0.0,0.0,0.0,0.0,0.0,0.0,0.0010081336961877102
1707126018723284468,8855,1707126018703220035,map,31.35185640847932,-9.529755423269979,0.0,0.0,0.0,-0.00206491585094841,0.9999978680589917,0.27749666527597583,-0.0002489467297550618,0.0,0.0,0.0,0.0,-0.0002489467297550618,0.002713491595827122,0.0,0.0,0.0,0.0,0.0,0.0,0.0,0.0,0.0,0.0,0.0,0.0,0.0,0.0,0.0,0.0,0.0,0.0,0.0,0.0,0.0,0.0,0.0,0.0,0.0,0.0,0.0,0.0011838594013768313
1707126019244760220,8856,1707126019197164745,map,31.56446394041568,-9.523871473452528,0.0,0.0,0.0,-5.7505549455041006e-08,0.9999999999999983,0.2848605968197262,3.0813071475677134e-05,0.0,0.0,0.0,0.0,3.0813071475677134e-05,0.0030363541127655935,0.0,0.0,0.0,0.0,0.0,0.0,0.0,0.0,0.0,0.0,0.0,0.0,0.0,0.0,0.0,0.0,0.0,0.0,0.0,0.0,0.0,0.0,0.0,0.0,0.0,0.0,0.0,0.001226306160157443
1707126019864507744,8857,1707126019839437728,map,31.786666861823893,-9.521460962643317,0.0,0.0,0.0,0.0009416729816917797,0.9999995566258995,0.2803715439640655,-0.0011033513437155307,0.0,0.0,0.0,0.0,-0.0011033513437155307,0.0032761629887545496,0.0,0.0,0.0,0.0,0.0,0.0,0.0,0.0,0.0,0.0,0.0,0.0,0.0,0.0,0.0,0.0,0.0,0.0,0.0,0.0,0.0,0.0,0.0,0.0,0.0,0.0,0.0,0.0011757875127374905
1707126020683762203,8858,1707126020654657597,map,31.97057615129638,-9.514971859999148,0.0,0.0,0.0,0.0027327295824666952,0.9999962660875436,0.29609753216459467,-0.0008184927397678621,0.0,0.0,0.0,0.0,-0.0008184927397678621,0.00328925897774468,0.0,0.0,0.0,0.0,0.0,0.0,0.0,0.0,0.0,0.0,0.0,0.0,0.0,0.0,0.0,0.0,0.0,0.0,0.0,0.0,0.0,0.0,0.0,0.0,0.0,0.0,0.0,0.001157526639180864
1707126021284260820,8859,1707126021263849367,map,32.19693110611368,-9.514900965610815,0.0,0.0,0.0,0.002748273979442228,0.9999962234879359,0.308652186173731,-0.0010161547240841173,0.0,0.0,0.0,0.0,-0.0010161547240841173,0.0034100148093898497,0.0,0.0,0.0,0.0,0.0,0.0,0.0,0.0,0.0,0.0,0.0,0.0,0.0,0.0,0.0,0.0,0.0,0.0,0.0,0.0,0.0,0.0,0.0,0.0,0.0,0.0,0.0,0.0011424545794364131
1707126021743304936,8860,1707126021711842266,map,32.42546322881372,-9.520001060879823,0.0,0.0,0.0,0.002836144229982203,0.9999959781348656,0.30483413149795524,-0.0005747769527033597,0.0,0.0,0.0,0.0,-0.0005747769527033597,0.0034777599116893043,0.0,0.0,0.0,0.0,0.0,0.0,0.0,0.0,0.0,0.0,0.0,0.0,0.0,0.0,0.0,0.0,0.0,0.0,0.0,0.0,0.0,0.0,0.0,0.0,0.0,0.0,0.0,0.0012118529667573688
1707126022363566751,8861,1707126022344725208,map,32.695867116891925,-9.524724621762747,0.0,0.0,0.0,0.0011349483438572643,0.9999993559459209,0.3091489968755923,-0.00047199732699709784,0.0,0.0,0.0,0.0,-0.00047199732699709784,0.0035950255010561705,0.0,0.0,0.0,0.0,0.0,0.0,0.0,0.0,0.0,0.0,0.0,0.0,0.0,0.0,0.0,0.0,0.0,0.0,0.0,0.0,0.0,0.0,0.0,0.0,0.0,0.0,0.0,0.0013469848829270657
1707126022824734363,8862,1707126022792482790,map,32.917308178840024,-9.52297640545977,0.0,0.0,0.0,0.0013752766160868798,0.9999990543066675,0.3103525855515272,-0.0002904389081663794,0.0,0.0,0.0,0.0,-0.0002904389082232228,0.0036987120589913047,0.0,0.0,0.0,0.0,0.0,0.0,0.0,0.0,0.0,0.0,0.0,0.0,0.0,0.0,0.0,0.0,0.0,0.0,0.0,0.0,0.0,0.0,0.0,0.0,0.0,0.0,0.0,0.0013083616741025482
1707126023563381583,8863,1707126023536395708,map,33.183854937921055,-9.51511932977774,0.0,0.0,0.0,0.003686138893521009,0.9999932061669508,0.312588988731477,-0.00036075596938189847,0.0,0.0,0.0,0.0,-0.00036075596938189847,0.003807575212391612,0.0,0.0,0.0,0.0,0.0,0.0,0.0,0.0,0.0,0.0,0.0,0.0,0.0,0.0,0.0,0.0,0.0,0.0,0.0,0.0,0.0,0.0,0.0,0.0,0.0,0.0,0.0,0.0012594842895526104
1707126023984352909,8864,1707126023947007635,map,33.37878395400592,-9.51400144198396,0.0,0.0,0.0,0.0031578143650925375,0.9999950140917881,0.28444986526619687,-3.560767260069042e-05,0.0,0.0,0.0,0.0,-3.560767260069042e-05,0.003670947577106176,0.0,0.0,0.0,0.0,0.0,0.0,0.0,0.0,0.0,0.0,0.0,0.0,0.0,0.0,0.0,0.0,0.0,0.0,0.0,0.0,0.0,0.0,0.0,0.0,0.0,0.0,0.0,0.0012946859120727284
1707126024704604235,8865,1707126024672369222,map,33.57875761810199,-9.509891082116432,0.0,0.0,0.0,0.0008504210144738161,0.9999996383919837,0.3343318755717064,0.0005551016882918702,0.0,0.0,0.0,0.0,0.0005551016882918702,0.004628271547005625,0.0,0.0,0.0,0.0,0.0,0.0,0.0,0.0,0.0,0.0,0.0,0.0,0.0,0.0,0.0,0.0,0.0,0.0,0.0,0.0,0.0,0.0,0.0,0.0,0.0,0.0,0.0,0.001427473295897991
1707126025304360286,8866,1707126025296220836,map,33.82001610729026,-9.523036635290012,0.0,0.0,0.0,-0.0015503000591618383,0.9999987982841412,0.31958916772282464,-0.0007471946951795871,0.0,0.0,0.0,0.0,-0.0007471946951795871,0.0041253166511836525,0.0,0.0,0.0,0.0,0.0,0.0,0.0,0.0,0.0,0.0,0.0,0.0,0.0,0.0,0.0,0.0,0.0,0.0,0.0,0.0,0.0,0.0,0.0,0.0,0.0,0.0,0.0,0.001320573885524227
1707126025803494074,8867,1707126025794787994,map,34.01097255494876,-9.525511993501956,0.0,0.0,0.0,-0.0017284665905787494,0.9999985062005069,0.32073696048792044,0.0006576547249892428,0.0,0.0,0.0,0.0,0.0006576547249892428,0.004158707053363742,0.0,0.0,0.0,0.0,0.0,0.0,0.0,0.0,0.0,0.0,0.0,0.0,0.0,0.0,0.0,0.0,0.0,0.0,0.0,0.0,0.0,0.0,0.0,0.0,0.0,0.0,0.0,0.0011647768599925322
1707126026543485763,8868,1707126026519691464,map,34.271724560973254,-9.523569349395604,0.0,0.0,0.0,-0.007686462704983604,0.9999704587091985,0.2935538718713815,0.0003096564944939928,0.0,0.0,0.0,0.0,0.0003096564945508362,0.004546721867853876,0.0,0.0,0.0,0.0,0.0,0.0,0.0,0.0,0.0,0.0,0.0,0.0,0.0,0.0,0.0,0.0,0.0,0.0,0.0,0.0,0.0,0.0,0.0,0.0,0.0,0.0,0.0,0.0013070082218761847
1707126026984847207,8869,1707126026958695994,map,34.56768578853169,-9.531425102061757,0.0,0.0,0.0,0.00563998698778898,0.9999840951469066,0.29248093689511734,-0.0011429458258476188,0.0,0.0,0.0,0.0,-0.001142945825733932,0.004469409312335415,0.0,0.0,0.0,0.0,0.0,0.0,0.0,0.0,0.0,0.0,0.0,0.0,0.0,0.0,0.0,0.0,0.0,0.0,0.0,0.0,0.0,0.0,0.0,0.0,0.0,0.0,0.0,0.001377383832829448
1707126027684316096,8870,1707126027666415390,map,34.80740222942637,-9.526246857618672,0.0,0.0,0.0,0.0012983187810507956,0.9999991571838163,0.3052864995370328,-0.0002717219883265898,0.0,0.0,0.0,0.0,-0.0002717219883265898,0.003923600276465322,0.0,0.0,0.0,0.0,0.0,0.0,0.0,0.0,0.0,0.0,0.0,0.0,0.0,0.0,0.0,0.0,0.0,0.0,0.0,0.0,0.0,0.0,0.0,0.0,0.0,0.0,0.0,0.001130106832186697
1707126028343823064,8871,1707126028335971211,map,35.00941423631999,-9.522357892954416,0.0,0.0,0.0,0.0005226037647996888,0.9999998634426431,0.2668681644713615,-6.192380425318333e-05,0.0,0.0,0.0,0.0,-6.192380431002675e-05,0.0040376045303247565,0.0,0.0,0.0,0.0,0.0,0.0,0.0,0.0,0.0,0.0,0.0,0.0,0.0,0.0,0.0,0.0,0.0,0.0,0.0,0.0,0.0,0.0,0.0,0.0,0.0,0.0,0.0,0.0012132781600271121
1707126029183379082,8872,1707126029166785060,map,35.19269174979972,-9.530185138829141,0.0,0.0,0.0,-0.00124917934884614,0.9999992197751728,0.2495796342441281,-0.0014545198338282717,0.0,0.0,0.0,0.0,-0.001454519833885115,0.0036225391317543654,0.0,0.0,0.0,0.0,0.0,0.0,0.0,0.0,0.0,0.0,0.0,0.0,0.0,0.0,0.0,0.0,0.0,0.0,0.0,0.0,0.0,0.0,0.0,0.0,0.0,0.0,0.0,0.001165964302724296
1707126030044594047,8873,1707126030013904051,map,35.386418433758884,-9.526705898752075,0.0,0.0,0.0,-0.0014959109341861911,0.9999988811246125,0.276166524067321,-0.002509609761204956,0.0,0.0,0.0,0.0,-0.002509609761204956,0.00361724645173922,0.0,0.0,0.0,0.0,0.0,0.0,0.0,0.0,0.0,0.0,0.0,0.0,0.0,0.0,0.0,0.0,0.0,0.0,0.0,0.0,0.0,0.0,0.0,0.0,0.0,0.0,0.0,0.0013164543446760287
1707126030784129215,8874,1707126030762513457,map,35.5610321030493,-9.515028224661158,0.0,0.0,0.0,0.0037802711290957952,0.999992854749568,0.2803647223954613,-0.0024466412639867485,0.0,0.0,0.0,0.0,-0.0024466412639867485,0.0037963969476777493,0.0,0.0,0.0,0.0,0.0,0.0,0.0,0.0,0.0,0.0,0.0,0.0,0.0,0.0,0.0,0.0,0.0,0.0,0.0,0.0,0.0,0.0,0.0,0.0,0.0,0.0,0.0,0.0012526437942401154
1707126031403336501,8875,1707126031367831881,map,35.74972773496153,-9.515879818758298,0.0,0.0,0.0,0.0032673638375429444,0.9999946621525303,0.26668606635576,-0.0031309761120041912,0.0,0.0,0.0,0.0,-0.0031309761120041912,0.00355243006180217,0.0,0.0,0.0,0.0,0.0,0.0,0.0,0.0,0.0,0.0,0.0,0.0,0.0,0.0,0.0,0.0,0.0,0.0,0.0,0.0,0.0,0.0,0.0,0.0,0.0,0.0,0.0,0.0012391326561952195
1707126032023656453,8876,1707126031998013624,map,35.99121977888834,-9.520282708847935,0.0,0.0,0.0,0.0014797777255876159,0.9999989051283421,0.27398833488496166,-0.0028440977832815406,0.0,0.0,0.0,0.0,-0.0028440977832815406,0.0037665682037015813,0.0,0.0,0.0,0.0,0.0,0.0,0.0,0.0,0.0,0.0,0.0,0.0,0.0,0.0,0.0,0.0,0.0,0.0,0.0,0.0,0.0,0.0,0.0,0.0,0.0,0.0,0.0,0.0013236667177873116
1707126032704043809,8877,1707126032694878755,map,36.197983207288345,-9.507531482753015,0.0,0.0,0.0,0.00302959254379226,0.9999954107739788,0.27902046350823184,-0.004158191032672676,0.0,0.0,0.0,0.0,-0.004158191032672676,0.003921363909626052,0.0,0.0,0.0,0.0,0.0,0.0,0.0,0.0,0.0,0.0,0.0,0.0,0.0,0.0,0.0,0.0,0.0,0.0,0.0,0.0,0.0,0.0,0.0,0.0,0.0,0.0,0.0,0.0012343945441105455
1707126033623102958,8878,1707126033599922097,map,36.384193417647204,-9.513384057727105,0.0,0.0,0.0,0.0013576971712164162,0.9999990783287709,0.2800433753652669,-0.004159554661214315,0.0,0.0,0.0,0.0,-0.004159554661214315,0.004263323955441933,0.0,0.0,0.0,0.0,0.0,0.0,0.0,0.0,0.0,0.0,0.0,0.0,0.0,0.0,0.0,0.0,0.0,0.0,0.0,0.0,0.0,0.0,0.0,0.0,0.0,0.0,0.0,0.0012696627879774979
1707126034544551298,8879,1707126034525710465,map,36.27673593492551,-9.523433318499839,0.0,0.0,0.0,-0.00623077035693417,0.9999805885619776,0.2746360403725703,-0.0016982390377506817,0.0,0.0,0.0,0.0,-0.0016982390377506817,0.004319588155581755,0.0,0.0,0.0,0.0,0.0,0.0,0.0,0.0,0.0,0.0,0.0,0.0,0.0,0.0,0.0,0.0,0.0,0.0,0.0,0.0,0.0,0.0,0.0,0.0,0.0,0.0,0.0,0.0014132116769785819
1707126035363372652,8880,1707126035345139309,map,36.4615345895143,-9.526285519693134,0.0,0.0,0.0,-0.006995400325899305,0.999975531887796,0.28060865595125506,3.878768501408558e-05,0.0,0.0,0.0,0.0,3.878768501408558e-05,0.004460232338800552,0.0,0.0,0.0,0.0,0.0,0.0,0.0,0.0,0.0,0.0,0.0,0.0,0.0,0.0,0.0,0.0,0.0,0.0,0.0,0.0,0.0,0.0,0.0,0.0,0.0,0.0,0.0,0.001304098984089219
1707126036144412514,8881,1707126036113062896,map,35.946820154921284,-9.538772666411507,0.0,0.0,0.0,-0.009124565616014428,0.999958370284643,0.28875315919958666,0.001682592846350417,0.0,0.0,0.0,0.0,0.001682592846350417,0.004524209998706397,0.0,0.0,0.0,0.0,0.0,0.0,0.0,0.0,0.0,0.0,0.0,0.0,0.0,0.0,0.0,0.0,0.0,0.0,0.0,0.0,0.0,0.0,0.0,0.0,0.0,0.0,0.0,0.00135561642057199
1707126036923999049,8882,1707126036897093660,map,36.15149221478097,-9.544921646312108,0.0,0.0,0.0,-0.010944105487999867,0.9999401114842166,0.2920580718439396,0.0013849056290951012,0.0,0.0,0.0,0.0,0.0013849056290951012,0.005204597137890232,0.0,0.0,0.0,0.0,0.0,0.0,0.0,0.0,0.0,0.0,0.0,0.0,0.0,0.0,0.0,0.0,0.0,0.0,0.0,0.0,0.0,0.0,0.0,0.0,0.0,0.0,0.0,0.0013769049049294877
1707126037784387455,8883,1707126037747163523,map,36.34278313071162,-9.549671145594493,0.0,0.0,0.0,-0.012656432034828358,0.9999199041564018,0.3118577199147694,8.190078744974016e-05,0.0,0.0,0.0,0.0,8.190078744974016e-05,0.0062337306321751385,0.0,0.0,0.0,0.0,0.0,0.0,0.0,0.0,0.0,0.0,0.0,0.0,0.0,0.0,0.0,0.0,0.0,0.0,0.0,0.0,0.0,0.0,0.0,0.0,0.0,0.0,0.0,0.0015498899500262751
1707126039203144210,8884,1707126039179267189,map,36.54918308479696,-9.553783733939333,0.0,0.0,0.0,0.0020110253227328366,0.9999979778865312,0.29758031068786295,-5.8869724284704716e-05,0.0,0.0,0.0,0.0,-5.88697242278613e-05,0.006134574054485142,0.0,0.0,0.0,0.0,0.0,0.0,0.0,0.0,0.0,0.0,0.0,0.0,0.0,0.0,0.0,0.0,0.0,0.0,0.0,0.0,0.0,0.0,0.0,0.0,0.0,0.0,0.0,0.0014298835461860266
1707126040504083448,8885,1707126040494684610,map,36.773286275920896,-9.55348664535465,0.0,0.0,0.0,0.03317656163271143,0.9994495063574902,0.2877227344883977,-0.0004868049293804688,0.0,0.0,0.0,0.0,-0.0004868049293804688,0.006910928731102217,0.0,0.0,0.0,0.0,0.0,0.0,0.0,0.0,0.0,0.0,0.0,0.0,0.0,0.0,0.0,0.0,0.0,0.0,0.0,0.0,0.0,0.0,0.0,0.0,0.0,0.0,0.0,0.001423307560672678
1707126041443903039,8886,1707126041436652194,map,36.94556693000986,-9.527290026090007,0.0,0.0,0.0,0.09644102227534972,0.9953387007559213,0.2889089009063355,0.001414086648310331,0.0,0.0,0.0,0.0,0.001414086648310331,0.00714784889409259,0.0,0.0,0.0,0.0,0.0,0.0,0.0,0.0,0.0,0.0,0.0,0.0,0.0,0.0,0.0,0.0,0.0,0.0,0.0,0.0,0.0,0.0,0.0,0.0,0.0,0.0,0.0,0.0013920843523516553
1707126042464353242,8887,1707126042444576655,map,37.17676273559505,-9.45820555532752,0.0,0.0,0.0,0.15232011970242998,0.9883312102396835,0.2976893543022925,-0.0013397248076216783,0.0,0.0,0.0,0.0,-0.0013397248076216783,0.008300401636830657,0.0,0.0,0.0,0.0,0.0,0.0,0.0,0.0,0.0,0.0,0.0,0.0,0.0,0.0,0.0,0.0,0.0,0.0,0.0,0.0,0.0,0.0,0.0,0.0,0.0,0.0,0.0,0.001523257490518127
1707126043002962925,8888,1707126042979398127,map,37.35377469208251,-9.373041430858503,0.0,0.0,0.0,0.2176340670353847,0.9760304364442933,0.31881412694883693,-0.0034752656035266227,0.0,0.0,0.0,0.0,-0.0034752656035266227,0.00779361812394086,0.0,0.0,0.0,0.0,0.0,0.0,0.0,0.0,0.0,0.0,0.0,0.0,0.0,0.0,0.0,0.0,0.0,0.0,0.0,0.0,0.0,0.0,0.0,0.0,0.0,0.0,0.0,0.0014511528999884365
1707126044342834102,8889,1707126044330872489,map,37.57169991945612,-9.238472168895994,0.0,0.0,0.0,0.29655015004462826,0.9550172817852609,0.3055590515671156,-0.005474681524958669,0.0,0.0,0.0,0.0,-0.005474681524958669,0.009526322993536951,0.0,0.0,0.0,0.0,0.0,0.0,0.0,0.0,0.0,0.0,0.0,0.0,0.0,0.0,0.0,0.0,0.0,0.0,0.0,0.0,0.0,0.0,0.0,0.0,0.0,0.0,0.0,0.0018166802842142908
1707126044982942899,8890,1707126044961840633,map,37.782830741510125,-9.064809969424752,0.0,0.0,0.0,0.3710499221495214,0.9286129200441021,0.3003339304891597,-0.004718704829770104,0.0,0.0,0.0,0.0,-0.004718704829883791,0.011227914606109834,0.0,0.0,0.0,0.0,0.0,0.0,0.0,0.0,0.0,0.0,0.0,0.0,0.0,0.0,0.0,0.0,0.0,0.0,0.0,0.0,0.0,0.0,0.0,0.0,0.0,0.0,0.0,0.0024076801818777834
1707126046544144297,8891,1707126046526582348,map,37.9317377716019,-8.860252886055275,0.0,0.0,0.0,0.46372037000436145,0.8859816129260347,0.32790132499530955,-0.005382633921158231,0.0,0.0,0.0,0.0,-0.005382633921101387,0.01193358457145166,0.0,0.0,0.0,0.0,0.0,0.0,0.0,0.0,0.0,0.0,0.0,0.0,0.0,0.0,0.0,0.0,0.0,0.0,0.0,0.0,0.0,0.0,0.0,0.0,0.0,0.0,0.0,0.002313988275158939
1707126047583040931,8892,1707126047564228533,map,38.04132444121013,-8.638033335561646,0.0,0.0,0.0,0.5276389064216433,0.8494687660121308,0.24228259598612567,-0.00685431751668375,0.0,0.0,0.0,0.0,-0.00685431751668375,0.012533477365039403,0.0,0.0,0.0,0.0,0.0,0.0,0.0,0.0,0.0,0.0,0.0,0.0,0.0,0.0,0.0,0.0,0.0,0.0,0.0,0.0,0.0,0.0,0.0,0.0,0.0,0.0,0.0,0.0021917107958699797
1707126048502746844,8893,1707126048479653873,map,38.11149996383898,-8.424574072975934,0.0,0.0,0.0,0.6085303606608925,0.7935305918198265,0.23609295066626146,-0.0064135683514905395,0.0,0.0,0.0,0.0,-0.0064135683514905395,0.013857344302778074,0.0,0.0,0.0,0.0,0.0,0.0,0.0,0.0,0.0,0.0,0.0,0.0,0.0,0.0,0.0,0.0,0.0,0.0,0.0,0.0,0.0,0.0,0.0,0.0,0.0,0.0,0.0,0.0023520411348819793
1707126049562751974,8894,1707126049543448236,map,38.16146932852152,-8.163583337764933,0.0,0.0,0.0,0.6525189496719378,0.757772406675666,0.21916282061602033,-0.00789672075143244,0.0,0.0,0.0,0.0,-0.00789672075143244,0.017062357563659702,0.0,0.0,0.0,0.0,0.0,0.0,0.0,0.0,0.0,0.0,0.0,0.0,0.0,0.0,0.0,0.0,0.0,0.0,0.0,0.0,0.0,0.0,0.0,0.0,0.0,0.0,0.0,0.0025391875464285023
1707126050043876567,8895,1707126050026052904,map,38.14100187624429,-7.940324261832853,0.0,0.0,0.0,0.7131635211852211,0.7009977118726542,0.2146200622860306,-0.006544833063060196,0.0,0.0,0.0,0.0,-0.006544833063060196,0.01673379441631795,0.0,0.0,0.0,0.0,0.0,0.0,0.0,0.0,0.0,0.0,0.0,0.0,0.0,0.0,0.0,0.0,0.0,0.0,0.0,0.0,0.0,0.0,0.0,0.0,0.0,0.0,0.0,0.002592684609763829
1707126050903888439,8896,1707126050868127447,map,38.12372067268903,-7.689741026684747,0.0,0.0,0.0,0.7007163272000617,0.7134399966326923,0.18541201449056643,-0.004574912054749802,0.0,0.0,0.0,0.0,-0.004574912054806646,0.01687603062946863,0.0,0.0,0.0,0.0,0.0,0.0,0.0,0.0,0.0,0.0,0.0,0.0,0.0,0.0,0.0,0.0,0.0,0.0,0.0,0.0,0.0,0.0,0.0,0.0,0.0,0.0,0.0,0.0024900134556163564
1707126051323578030,8897,1707126051271771880,map,38.106876705738664,-7.448033184616858,0.0,0.0,0.0,0.7008861288916425,0.7132731835189712,0.1696539741089964,-0.003805941582243122,0.0,0.0,0.0,0.0,-0.003805941582243122,0.017882971756890242,0.0,0.0,0.0,0.0,0.0,0.0,0.0,0.0,0.0,0.0,0.0,0.0,0.0,0.0,0.0,0.0,0.0,0.0,0.0,0.0,0.0,0.0,0.0,0.0,0.0,0.0,0.0,0.0021997766689774057
1707126051723412749,8898,1707126051696989760,map,38.114122776262235,-7.259686288138433,0.0,0.0,0.0,0.6995845170664238,0.7145498607381704,0.1529553912926076,-0.0036014023384609573,0.0,0.0,0.0,0.0,-0.0036014023384609573,0.01812884240018775,0.0,0.0,0.0,0.0,0.0,0.0,0.0,0.0,0.0,0.0,0.0,0.0,0.0,0.0,0.0,0.0,0.0,0.0,0.0,0.0,0.0,0.0,0.0,0.0,0.0,0.0,0.0,0.002048683250747273
1707126052163889923,8899,1707126052138112012,map,38.113271865833205,-7.033384572963588,0.0,0.0,0.0,0.7002758455507498,0.7138723556338222,0.16220593143839324,-0.002713328645143065,0.0,0.0,0.0,0.0,-0.002713328645143065,0.016220850095507444,0.0,0.0,0.0,0.0,0.0,0.0,0.0,0.0,0.0,0.0,0.0,0.0,0.0,0.0,0.0,0.0,0.0,0.0,0.0,0.0,0.0,0.0,0.0,0.0,0.0,0.0,0.0,0.001960991443993883
1707126052543100196,8900,1707126052507175271,map,38.125601996817906,-6.788507749364677,0.0,0.0,0.0,0.6984343518174194,0.7156741271007225,0.15368774606554325,-0.0034602008041701993,0.0,0.0,0.0,0.0,-0.0034602008041701993,0.017125081670513964,0.0,0.0,0.0,0.0,0.0,0.0,0.0,0.0,0.0,0.0,0.0,0.0,0.0,0.0,0.0,0.0,0.0,0.0,0.0,0.0,0.0,0.0,0.0,0.0,0.0,0.0,0.0,0.0018884826896950764
1707126053003875721,8901,1707126052973860168,map,38.1120876897913,-6.577816069366129,0.0,0.0,0.0,0.6890629295816204,0.72470151033125,0.12887879492723187,-0.0004182060461914716,0.0,0.0,0.0,0.0,-0.0004182060462198933,0.01843337317347249,0.0,0.0,0.0,0.0,0.0,0.0,0.0,0.0,0.0,0.0,0.0,0.0,0.0,0.0,0.0,0.0,0.0,0.0,0.0,0.0,0.0,0.0,0.0,0.0,0.0,0.0,0.0,0.0017869760086810917
1707126053383790932,8902,1707126053369564949,map,38.124232039046596,-6.346559986160799,0.0,0.0,0.0,0.7002702355210115,0.7138778587709155,0.11832498838657557,0.005217271864722761,0.0,0.0,0.0,0.0,0.005217271864722761,0.019067103853615208,0.0,0.0,0.0,0.0,0.0,0.0,0.0,0.0,0.0,0.0,0.0,0.0,0.0,0.0,0.0,0.0,0.0,0.0,0.0,0.0,0.0,0.0,0.0,0.0,0.0,0.0,0.0,0.001875021513426132
1707126054042999964,8903,1707126054011873946,map,38.09345538578794,-6.12904958274007,0.0,0.0,0.0,0.6999569407729807,0.7141850467937074,0.11264715548963977,0.0051172471061988745,0.0,0.0,0.0,0.0,0.005117247106170453,0.01866083598694246,0.0,0.0,0.0,0.0,0.0,0.0,0.0,0.0,0.0,0.0,0.0,0.0,0.0,0.0,0.0,0.0,0.0,0.0,0.0,0.0,0.0,0.0,0.0,0.0,0.0,0.0,0.0,0.0018995036442011517
1707126054902793686,8904,1707126054879779510,map,38.11293794947134,-5.92119237116701,0.0,0.0,0.0,0.6955015924456823,0.7185245541423898,0.10975845552593455,0.003789581192108926,0.0,0.0,0.0,0.0,0.003789581192137348,0.016176345885114074,0.0,0.0,0.0,0.0,0.0,0.0,0.0,0.0,0.0,0.0,0.0,0.0,0.0,0.0,0.0,0.0,0.0,0.0,0.0,0.0,0.0,0.0,0.0,0.0,0.0,0.0,0.0,0.0017887152731394865
1707126055623458203,8905,1707126055605845128,map,38.10391720768924,-5.674570984464938,0.0,0.0,0.0,0.695152555258835,0.7188622433520294,0.114071816273281,0.004867137627087459,0.0,0.0,0.0,0.0,0.004867137627059037,0.017236128678050022,0.0,0.0,0.0,0.0,0.0,0.0,0.0,0.0,0.0,0.0,0.0,0.0,0.0,0.0,0.0,0.0,0.0,0.0,0.0,0.0,0.0,0.0,0.0,0.0,0.0,0.0,0.0,0.0016809749368423934
1707126056223554437,8906,1707126056199782990,map,38.098667811702704,-5.427747605103634,0.0,0.0,0.0,0.6958934577135384,0.71814503793558,0.12254632675853827,0.0016488766425482027,0.0,0.0,0.0,0.0,0.0016488766425482027,0.01877325856265699,0.0,0.0,0.0,0.0,0.0,0.0,0.0,0.0,0.0,0.0,0.0,0.0,0.0,0.0,0.0,0.0,0.0,0.0,0.0,0.0,0.0,0.0,0.0,0.0,0.0,0.0,0.0,0.0018464441817622511
1707126056643043105,8907,1707126056616912717,map,38.12973114329895,-5.22706605041993,0.0,0.0,0.0,0.6959281804836716,0.7181113894157969,0.10234043098989787,0.007308877510212142,0.0,0.0,0.0,0.0,0.007308877510212142,0.019451161650337667,0.0,0.0,0.0,0.0,0.0,0.0,0.0,0.0,0.0,0.0,0.0,0.0,0.0,0.0,0.0,0.0,0.0,0.0,0.0,0.0,0.0,0.0,0.0,0.0,0.0,0.0,0.0,0.001699930951201139
1707126057002874837,8908,1707126056975401772,map,38.13207009234409,-5.011966407992315,0.0,0.0,0.0,0.7043017391171414,0.70990073973519,0.10434290879675245,0.007976223972349317,0.0,0.0,0.0,0.0,0.007976223972349317,0.01923154875549571,0.0,0.0,0.0,0.0,0.0,0.0,0.0,0.0,0.0,0.0,0.0,0.0,0.0,0.0,0.0,0.0,0.0,0.0,0.0,0.0,0.0,0.0,0.0,0.0,0.0,0.0,0.0,0.0016117432857122853
1707126057483018590,8909,1707126057459126027,map,38.13266477013022,-4.812503607582081,0.0,0.0,0.0,0.7087308006519197,0.705479023222724,0.10336644890458047,0.006091737238392625,0.0,0.0,0.0,0.0,0.006091737238392625,0.018021854697074957,0.0,0.0,0.0,0.0,0.0,0.0,0.0,0.0,0.0,0.0,0.0,0.0,0.0,0.0,0.0,0.0,0.0,0.0,0.0,0.0,0.0,0.0,0.0,0.0,0.0,0.0,0.0,0.0016129691762743477
1707126058403786492,8910,1707126058368121321,map,38.10636812012607,-4.59553672343166,0.0,0.0,0.0,0.704028996476343,0.7101712273251526,0.10084050411956014,0.002307593402179009,0.0,0.0,0.0,0.0,0.0023075934022074307,0.01817430964385025,0.0,0.0,0.0,0.0,0.0,0.0,0.0,0.0,0.0,0.0,0.0,0.0,0.0,0.0,0.0,0.0,0.0,0.0,0.0,0.0,0.0,0.0,0.0,0.0,0.0,0.0,0.0,0.0018008022602624505
1707126059282936654,8911,1707126059251493424,map,38.08802665552388,-4.39058310897673,0.0,0.0,0.0,0.7044219686511599,0.7097814382481584,0.09821918231227755,0.0011529119842066393,0.0,0.0,0.0,0.0,0.0011529119842066393,0.01852173475278107,0.0,0.0,0.0,0.0,0.0,0.0,0.0,0.0,0.0,0.0,0.0,0.0,0.0,0.0,0.0,0.0,0.0,0.0,0.0,0.0,0.0,0.0,0.0,0.0,0.0,0.0,0.0,0.0016690838638483783
1707126059882766267,8912,1707126059839476150,map,38.09164973560135,-4.161677476915142,0.0,0.0,0.0,0.7050065985481678,0.7092007445029528,0.09988981229980709,-0.00041521670729594007,0.0,0.0,0.0,0.0,-0.0004152167073527835,0.018503603628349907,0.0,0.0,0.0,0.0,0.0,0.0,0.0,0.0,0.0,0.0,0.0,0.0,0.0,0.0,0.0,0.0,0.0,0.0,0.0,0.0,0.0,0.0,0.0,0.0,0.0,0.0,0.0,0.0017552254723792072
1707126060603971603,8913,1707126060572318567,map,38.10348791167662,-3.937496703992901,0.0,0.0,0.0,0.7054149705944524,0.7087945536340047,0.1041731278774023,-0.0016040204091893884,0.0,0.0,0.0,0.0,-0.0016040204091893884,0.017206920608945353,0.0,0.0,0.0,0.0,0.0,0.0,0.0,0.0,0.0,0.0,0.0,0.0,0.0,0.0,0.0,0.0,0.0,0.0,0.0,0.0,0.0,0.0,0.0,0.0,0.0,0.0,0.0,0.0017435508034299681
1707126061223138452,8914,1707126061173105411,map,38.108561968427466,-3.7360864949480486,0.0,0.0,0.0,0.7053196624273327,0.708889394612018,0.10902460471083941,-0.003918538533611127,0.0,0.0,0.0,0.0,-0.003918538533611127,0.01816618080430743,0.0,0.0,0.0,0.0,0.0,0.0,0.0,0.0,0.0,0.0,0.0,0.0,0.0,0.0,0.0,0.0,0.0,0.0,0.0,0.0,0.0,0.0,0.0,0.0,0.0,0.0,0.0,0.001704707026556649
1707126061963794687,8915,1707126061940370656,map,38.10031673503755,-3.5068924804747468,0.0,0.0,0.0,0.7061690125430974,0.7080433078025007,0.10631507791208605,-0.005892065354288434,0.0,0.0,0.0,0.0,-0.005892065354288434,0.020150376155692484,0.0,0.0,0.0,0.0,0.0,0.0,0.0,0.0,0.0,0.0,0.0,0.0,0.0,0.0,0.0,0.0,0.0,0.0,0.0,0.0,0.0,0.0,0.0,0.0,0.0,0.0,0.0,0.0019378029910729292
1707126062823961385,8916,1707126062793011829,map,38.09079390230066,-3.268242380467729,0.0,0.0,0.0,0.7003660108318476,0.7137838964781178,0.10473671637441839,-0.005451417166383976,0.0,0.0,0.0,0.0,-0.005451417166383976,0.02033534528468728,0.0,0.0,0.0,0.0,0.0,0.0,0.0,0.0,0.0,0.0,0.0,0.0,0.0,0.0,0.0,0.0,0.0,0.0,0.0,0.0,0.0,0.0,0.0,0.0,0.0,0.0,0.0,0.0019019738897966072
1707126063342844856,8917,1707126063309342304,map,38.07898342853989,-3.041665460155545,0.0,0.0,0.0,0.6998812102330436,0.7142592607469155,0.1030211552788387,-0.0046646037424409315,0.0,0.0,0.0,0.0,-0.004664603742455142,0.019762650882983124,0.0,0.0,0.0,0.0,0.0,0.0,0.0,0.0,0.0,0.0,0.0,0.0,0.0,0.0,0.0,0.0,0.0,0.0,0.0,0.0,0.0,0.0,0.0,0.0,0.0,0.0,0.0,0.0020474995141563567
1707126064063585488,8918,1707126064041422292,map,38.07740163018719,-2.813296222240522,0.0,0.0,0.0,0.7002787122941575,0.7138695434795048,0.10769195224656869,-0.006129698107315562,0.0,0.0,0.0,0.0,-0.006129698107315562,0.020601582974666854,0.0,0.0,0.0,0.0,0.0,0.0,0.0,0.0,0.0,0.0,0.0,0.0,0.0,0.0,0.0,0.0,0.0,0.0,0.0,0.0,0.0,0.0,0.0,0.0,0.0,0.0,0.0,0.0021621765646788133
1707126064943819625,8919,1707126064901474028,map,38.06682125505163,-2.6056820686403293,0.0,0.0,0.0,0.7022068675195947,0.7119729736502071,0.10456714409133383,-0.004305312287470997,0.0,0.0,0.0,0.0,-0.004305312287485208,0.016418391461098913,0.0,0.0,0.0,0.0,0.0,0.0,0.0,0.0,0.0,0.0,0.0,0.0,0.0,0.0,0.0,0.0,0.0,0.0,0.0,0.0,0.0,0.0,0.0,0.0,0.0,0.0,0.0,0.0018946109052490046
1707126065882778026,8920,1707126065860991612,map,38.07001765251016,-2.376142890496245,0.0,0.0,0.0,0.7019761149535525,0.7122004872468966,0.10412944594577311,-0.0022056903803786554,0.0,0.0,0.0,0.0,-0.0022056903803786554,0.01472729001831663,0.0,0.0,0.0,0.0,0.0,0.0,0.0,0.0,0.0,0.0,0.0,0.0,0.0,0.0,0.0,0.0,0.0,0.0,0.0,0.0,0.0,0.0,0.0,0.0,0.0,0.0,0.0,0.001862254243053859
1707126066563182644,8921,1707126066543998862,map,38.08820258625416,-2.178168097126093,0.0,0.0,0.0,0.7010932753433292,0.7130695753349477,0.10594338385863011,-0.0006294833479358886,0.0,0.0,0.0,0.0,-0.0006294833479358886,0.016974090449048518,0.0,0.0,0.0,0.0,0.0,0.0,0.0,0.0,0.0,0.0,0.0,0.0,0.0,0.0,0.0,0.0,0.0,0.0,0.0,0.0,0.0,0.0,0.0,0.0,0.0,0.0,0.0,0.0019345590887105087
1707126067163911914,8922,1707126067135692900,map,38.07824341560249,-1.9368168408173234,0.0,0.0,0.0,0.7012656383206889,0.7129000662860657,0.10725938902214693,-0.006032459692320913,0.0,0.0,0.0,0.0,-0.006032459692306702,0.019168590997303614,0.0,0.0,0.0,0.0,0.0,0.0,0.0,0.0,0.0,0.0,0.0,0.0,0.0,0.0,0.0,0.0,0.0,0.0,0.0,0.0,0.0,0.0,0.0,0.0,0.0,0.0,0.0,0.0020599130692929455
1707126067803913727,8923,1707126067768287054,map,38.0673920301118,-1.7270657781959253,0.0,0.0,0.0,0.7029373998783047,0.71125172186247,0.10350343916297788,-0.004698503855280478,0.0,0.0,0.0,0.0,-0.004698503855280478,0.016954846016507652,0.0,0.0,0.0,0.0,0.0,0.0,0.0,0.0,0.0,0.0,0.0,0.0,0.0,0.0,0.0,0.0,0.0,0.0,0.0,0.0,0.0,0.0,0.0,0.0,0.0,0.0,0.0,0.0020419797676226297
1707126068522910394,8924,1707126068494196469,map,38.05056116797033,-1.516500237169675,0.0,0.0,0.0,0.7080280156213126,0.7061843449803644,0.10621712927968474,-0.005441636006352724,0.0,0.0,0.0,0.0,-0.005441636006352724,0.016750685837791934,0.0,0.0,0.0,0.0,0.0,0.0,0.0,0.0,0.0,0.0,0.0,0.0,0.0,0.0,0.0,0.0,0.0,0.0,0.0,0.0,0.0,0.0,0.0,0.0,0.0,0.0,0.0,0.0020189061660696186
1707126069242619910,8925,1707126069222039373,map,38.035536799965506,-1.3147392227732524,0.0,0.0,0.0,0.7162435467199035,0.6978504007178712,0.10453633034148879,-0.0012555163050720353,0.0,0.0,0.0,0.0,-0.0012555163050720353,0.01530861630769853,0.0,0.0,0.0,0.0,0.0,0.0,0.0,0.0,0.0,0.0,0.0,0.0,0.0,0.0,0.0,0.0,0.0,0.0,0.0,0.0,0.0,0.0,0.0,0.0,0.0,0.0,0.0,0.0017006015920495911
1707126070083595261,8926,1707126070064194011,map,38.0116683501483,-1.0736374501760733,0.0,0.0,0.0,0.7167634954717499,0.6973163497001335,0.0970736174688227,0.0023597012057834377,0.0,0.0,0.0,0.0,0.0023597012057834377,0.01454529543826144,0.0,0.0,0.0,0.0,0.0,0.0,0.0,0.0,0.0,0.0,0.0,0.0,0.0,0.0,0.0,0.0,0.0,0.0,0.0,0.0,0.0,0.0,0.0,0.0,0.0,0.0,0.0,0.0016840005752704178
1707126070523644943,8927,1707126070499945030,map,37.98465340665183,-0.8448685355327293,0.0,0.0,0.0,0.7465380184170961,0.665342759078263,0.09829421843278396,0.003059587020814547,0.0,0.0,0.0,0.0,0.003059587020814547,0.01494798426348376,0.0,0.0,0.0,0.0,0.0,0.0,0.0,0.0,0.0,0.0,0.0,0.0,0.0,0.0,0.0,0.0,0.0,0.0,0.0,0.0,0.0,0.0,0.0,0.0,0.0,0.0,0.0,0.0017670674625110327
1707126071283685548,8928,1707126071269251126,map,37.94680697631272,-0.6359631186115119,0.0,0.0,0.0,0.7852154234369474,0.6192226891811503,0.09446238343730329,0.002435692245601473,0.0,0.0,0.0,0.0,0.002435692245601473,0.013588637188995334,0.0,0.0,0.0,0.0,0.0,0.0,0.0,0.0,0.0,0.0,0.0,0.0,0.0,0.0,0.0,0.0,0.0,0.0,0.0,0.0,0.0,0.0,0.0,0.0,0.0,0.0,0.0,0.0016983689664582537
1707126072343723633,8929,1707126072316891178,map,37.842000869419955,-0.416499302225103,0.0,0.0,0.0,0.8312939032656295,0.5558331101989107,0.0863782306757912,-0.0014189091413356891,0.0,0.0,0.0,0.0,-0.0014189091413374655,0.013171508946121097,0.0,0.0,0.0,0.0,0.0,0.0,0.0,0.0,0.0,0.0,0.0,0.0,0.0,0.0,0.0,0.0,0.0,0.0,0.0,0.0,0.0,0.0,0.0,0.0,0.0,0.0,0.0,0.0017548126954045787
1707126073244099865,8930,1707126073209797135,map,37.69224041872432,-0.17574931005507902,0.0,0.0,0.0,0.8539187972382967,0.5204062717945478,0.08339746629985711,-0.002603269502284178,0.0,0.0,0.0,0.0,-0.002603269502284178,0.013242679191472338,0.0,0.0,0.0,0.0,0.0,0.0,0.0,0.0,0.0,0.0,0.0,0.0,0.0,0.0,0.0,0.0,0.0,0.0,0.0,0.0,0.0,0.0,0.0,0.0,0.0,0.0,0.0,0.0019385686498783051
1707126073743187928,8931,1707126073736435182,map,37.541555960475506,0.02925954496816288,0.0,0.0,0.0,0.8966189867841925,0.4428028822603666,0.08016083014808828,-0.003375631900293552,0.0,0.0,0.0,0.0,-0.003375631900293552,0.014572967091053088,0.0,0.0,0.0,0.0,0.0,0.0,0.0,0.0,0.0,0.0,0.0,0.0,0.0,0.0,0.0,0.0,0.0,0.0,0.0,0.0,0.0,0.0,0.0,0.0,0.0,0.0,0.0,0.0020257894633758018
1707126074963685077,8932,1707126074944927535,map,37.32605151722608,0.2131511861351153,0.0,0.0,0.0,0.9293828008247993,0.36911733843190214,0.06310978033957326,-0.002240892296867969,0.0,0.0,0.0,0.0,-0.0022408922968661926,0.013452226816014434,0.0,0.0,0.0,0.0,0.0,0.0,0.0,0.0,0.0,0.0,0.0,0.0,0.0,0.0,0.0,0.0,0.0,0.0,0.0,0.0,0.0,0.0,0.0,0.0,0.0,0.0,0.0,0.0021756965060272734
1707126076182828418,8933,1707126076174649987,map,37.114627067060134,0.3687014539233508,0.0,0.0,0.0,0.9602447988785882,0.27915932050823566,0.06302935099665774,-0.0013371028202566748,0.0,0.0,0.0,0.0,-0.0013371028202566748,0.011734980871142942,0.0,0.0,0.0,0.0,0.0,0.0,0.0,0.0,0.0,0.0,0.0,0.0,0.0,0.0,0.0,0.0,0.0,0.0,0.0,0.0,0.0,0.0,0.0,0.0,0.0,0.0,0.0,0.0025421753180322657
1707126077643733347,8934,1707126077618017694,map,36.87759294950177,0.49309149592195406,0.0,0.0,0.0,0.9764203859325775,0.21587781251271837,0.058238460956999916,-0.0020539236744774314,0.0,0.0,0.0,0.0,-0.0020539236744774314,0.00990759589112461,0.0,0.0,0.0,0.0,0.0,0.0,0.0,0.0,0.0,0.0,0.0,0.0,0.0,0.0,0.0,0.0,0.0,0.0,0.0,0.0,0.0,0.0,0.0,0.0,0.0,0.0,0.0,0.0028337786625669886
1707126078603795409,8935,1707126078560553851,map,36.65252493677446,0.5726798151582171,0.0,0.0,0.0,0.9882787745152636,0.15265996149157396,0.05461306828647139,-0.002442496079030576,0.0,0.0,0.0,0.0,-0.002442496079030576,0.008230513483746815,0.0,0.0,0.0,0.0,0.0,0.0,0.0,0.0,0.0,0.0,0.0,0.0,0.0,0.0,0.0,0.0,0.0,0.0,0.0,0.0,0.0,0.0,0.0,0.0,0.0,0.0,0.0,0.002717844706544912
1707126079004732931,8936,1707126078968824118,map,36.441760423447185,0.6191420290062674,0.0,0.0,0.0,0.9958134740272406,0.09140856057174329,0.05139691959038828,-0.004017941897359378,0.0,0.0,0.0,0.0,-0.004017941897359378,0.006686321545733953,0.0,0.0,0.0,0.0,0.0,0.0,0.0,0.0,0.0,0.0,0.0,0.0,0.0,0.0,0.0,0.0,0.0,0.0,0.0,0.0,0.0,0.0,0.0,0.0,0.0,0.0,0.0,0.0022939657278760878
1707126079824490424,8937,1707126079798567238,map,36.21746498861262,0.6402066055440295,0.0,0.0,0.0,0.999948289794284,0.010169451189062838,0.044951674747608195,-0.003033541228582237,0.0,0.0,0.0,0.0,-0.0030335412285786845,0.006128126907092413,0.0,0.0,0.0,0.0,0.0,0.0,0.0,0.0,0.0,0.0,0.0,0.0,0.0,0.0,0.0,0.0,0.0,0.0,0.0,0.0,0.0,0.0,0.0,0.0,0.0,0.0,0.0,0.0021593882683642466
1707126081543760509,8938,1707126081519264647,map,36.03084114486087,0.6354554252762259,0.0,0.0,0.0,-0.9999899770026263,0.0044772641520173856,0.05241556086798482,-0.0026433891779440444,0.0,0.0,0.0,0.0,-0.0026433891779440444,0.005253285734300617,0.0,0.0,0.0,0.0,0.0,0.0,0.0,0.0,0.0,0.0,0.0,0.0,0.0,0.0,0.0,0.0,0.0,0.0,0.0,0.0,0.0,0.0,0.0,0.0,0.0,0.0,0.0,0.0017230684054898849
